#INSERT DUMMY DATA FOR TABLES

INSERT INTO `Store` VALUES ( 1000, '748 Jones St.Atlanta, GA 30303', 1122 );
INSERT INTO `Store` VALUES ( 1100,  '17 Trenton Avenue, Rahway, NJ 07065', 1121 );
INSERT INTO `Store` VALUES ( 1200,  '7078 Arnold St., Peoria, IL 61604', 1119 );
INSERT INTO `Store` VALUES ( 1300,  '8319 Park Street, Lorain, OH 44052', 1118 );
INSERT INTO `Store` VALUES ( 1400,  '356 North Plumb Branch Road, Miami, FL 33125', 1117 );
INSERT INTO `Store` VALUES ( 1500,  '689 S. Spring Street, East Hartford, CT 06118', 1116 );
INSERT INTO `Store` VALUES ( 1600,  '84 Manor St. Goshen, IN 46526', 1115 );
INSERT INTO `Store` VALUES ( 1700,  '5 West Dr. Kingston, NY 12401', 1114 );
INSERT INTO `Store` VALUES ( 1800,  '9304 Ashley St. Kalispell, MT 59901', 1113 );
INSERT INTO `Store` VALUES ( 1900,  '973 Cypress Court Nashua, NH 03060', 1112 );

INSERT INTO `Employee` VALUES (1112,  '9d5de6048246cd3cf923aab415c832a2', 1900, 'ftwo ltwo', 101.11, '234 idc st' );
INSERT INTO `Employee` VALUES (1113, '116aa6ff69d8fd15b9725274d6392824', 1800, 'fthree lthree', 101.11, '345 idc st' );
INSERT INTO `Employee` VALUES (1114, '51c0e3651ad1da626c00b38458d5cfd6', 1700, 'ffour lfour', 101.11, '456 idc st' );
INSERT INTO `Employee` VALUES (1115, '36244a2f27481ac112568ae8a40b6913', 1600, 'ffive lfive', 101.11, '678 idc st' );
INSERT INTO `Employee` VALUES (1116, '5c48b229521c5bbe9ac425745e45b724', 1500, 'fsix lsix', 101.11, '789 idc st' );
INSERT INTO `Employee` VALUES (1117, '335cf4508dd597be4bfc9caa3e08b901', 1400, 'fsev lseven', 101.11, '987 no thx ave' );
INSERT INTO `Employee` VALUES (1118, '7d0db380a5b95a8ba1da0bca241abda1', 1300, 'feight leight', 101.11, '876 no thx ave' );
INSERT INTO `Employee` VALUES (1119, '6864f389d9876436bc8778ff071d1b6c', 1200, 'fnine lnine', 101.11, '765 no thx ave' );
INSERT INTO `Employee` VALUES (1121, 'b506e098cf253ce028b8ba0a5fc7d473', 1100, 'ften lten', 101.11, '654 no thx ave' );
INSERT INTO `Employee` VALUES (1122, '23a58bf9274bedb19375e527a0744fa9', 1000, 'feleven leleven', 101.11, '543 no thx ave' );
INSERT INTO `Employee` VALUES (1123, '0eb0d6bc3f0b26b3cdaf7639cc0287ef', 1100, 'ftweleve ltwelve', 101.11, '432 no thx ave' );
INSERT INTO `Employee` VALUES (1124, '24a9436e411b4b755576e97bac9d408f', 1200, 'fthirteen lthirteen', 101.11, '321 no thx ave' );

INSERT INTO `Customer` VALUES ( 'c1@gmail.com', '9d89f98d8de8e1c0ceeed1ada30ba02e', 'john green', '123 mill rd' );
INSERT INTO `Customer` VALUES ( 'c2@gmail.com', '04d3cb12d2d736a0ec26561cd1bcc7ee', 'jack mcdonald', '234 millz rd' );
INSERT INTO `Customer` VALUES ( 'c3@gmail.com', 'b8a9f715dbb64fd5c56e7783c6820a61', 'james oliver', '345 boyer rd' );
INSERT INTO `Customer` VALUES ( 'c4@gmail.com', '5868c879d56dc8ecf16f4a8a8bcbc2d8', 'jay stevens', '567 junction rd' );
INSERT INTO `Customer` VALUES ( 'c5@gmail.com', '8cbad96aced40b3838dd9f07f6ef5772', 'jill jacobs', '678 back rd' );
INSERT INTO `Customer` VALUES ( 'c6@gmail.com', '2fc2ec99ec5ecc8040b6206b8b3ce7dc', 'jane doe', '789 fulton rd' );
INSERT INTO `Customer` VALUES ( 'c7@gmail.com', 'bb3aec0fdcdbc2974890f805c585d432', 'jade hill', '345 monument ave' );
INSERT INTO `Customer` VALUES ( 'c8@gmail.com', '24d27c169c2c881eb09a065116f2aa5c', 'jess king', '987 cary st' );
INSERT INTO `Customer` VALUES ( 'c9@gmail.com', '64efb2b7647448b79d13b809e8957902', 'jamesa smith', '246 main st' );

INSERT INTO `Customer_Transactions` VALUES ( 'c1@gmail.com', 3050 );
INSERT INTO `Customer_Transactions` VALUES ( 'c2@gmail.com', 3040 );
INSERT INTO `Customer_Transactions` VALUES ( 'c3@gmail.com', 3030 );
INSERT INTO `Customer_Transactions` VALUES ( 'c4@gmail.com', 3020 );
INSERT INTO `Customer_Transactions` VALUES ( 'c6@gmail.com', 3090 );
INSERT INTO `Customer_Transactions` VALUES ( 'c7@gmail.com', 3080 );
INSERT INTO `Customer_Transactions` VALUES ( 'c8@gmail.com', 3070 );
INSERT INTO `Customer_Transactions` VALUES ( 'c9@gmail.com', 3060 );

INSERT INTO `Book` VALUES ( 978031603837, 'Twilight', 'Young-Adult', 100.00, 'Little, Brown and Company' );
INSERT INTO `Book` VALUES ( 978031616019, 'New Moon', 'Young-Adult', 12.99, 'Little, Brown and Company' );
INSERT INTO `Book` VALUES ( 9780316160209, 'Eclipse', 'Young-Adult', 13.99, 'Little, Brown and Company' );
INSERT INTO `Book` VALUES ( 9780316067928, 'Breaking Dawn', 'Young-Adult', 15.99, 'Little, Brown and Company' );
INSERT INTO `Book` VALUES ( 9781133187790, 'Intro to Theory of Computation', 'Textbook', 1.50, 'Cengage Learning' );
INSERT INTO `Book` VALUES ( 0073523321, 'Database System Concepts', 'Textbook', 3.00, 'McGraw-Hill' );
INSERT INTO `Book` VALUES ( 0072465638, 'Database Management Systems', 'Textbook', 5.00, 'McGraw-Hill' );
INSERT INTO `Book` VALUES ( 9780387790534, 'Introductory Statistics with R', 'Textbook', 0.99, 'Springer' );
INSERT INTO `Book` VALUES ( 9780618706419, 'The Things They Carried', 'War Stories', 14.99, 'Mariner' );
INSERT INTO `Book` VALUES ( 9780393264869, 'Heart of Darkness', 'Adventure', 9.99, 'Norton' );

INSERT INTO `Author` VALUES ( 978031603837, 'Stephanie Meyer' );
INSERT INTO `Author` VALUES ( 978031616019, 'Stephanie Meyer' );
INSERT INTO `Author` VALUES ( 9780316160209, 'Stephanie Meyer' );
INSERT INTO `Author` VALUES ( 9780316067928, 'Stephanie Meyer' );
INSERT INTO `Author` VALUES ( 9781133187790, 'Michael Sipser' );
INSERT INTO `Author` VALUES ( 0073523321, 'Avi Silberschatz' );
INSERT INTO `Author` VALUES ( 0073523321, 'Henry F. Korth' );
INSERT INTO `Author` VALUES ( 0073523321, 'S. Sudarshan' );
INSERT INTO `Author` VALUES ( 0072465638, 'R. Ramakrishnan' );
INSERT INTO `Author` VALUES ( 0072465638, 'J. Gehrke' );
INSERT INTO `Author` VALUES ( 9780387790534, 'P. Dalgaard' );
INSERT INTO `Author` VALUES ( 9780618706419, 'Tim O`Brian' );
INSERT INTO `Author` VALUES ( 9780393264869, 'Joseph Conrad' );

INSERT INTO `Inventory` (`book`, `store`, `quantity`) VALUES ( 978031603837, 1000, 3 );
INSERT INTO `Inventory` (`book`, `store`, `quantity`) VALUES ( 978031616019, 1000, 3 );
INSERT INTO `Inventory` (`book`, `store`, `quantity`) VALUES ( 9780316160209, 1000, 3 );
INSERT INTO `Inventory` (`book`, `store`, `quantity`) VALUES ( 9780316067928, 1000, 3 );
INSERT INTO `Inventory` (`book`, `store`, `quantity`) VALUES ( 9781133187790, 1000, 6 );
INSERT INTO `Inventory` (`book`, `store`, `quantity`) VALUES ( 0073523321,  1000, 4 );
INSERT INTO `Inventory` (`book`, `store`, `quantity`) VALUES ( 0072465638, 1000, 2 );
INSERT INTO `Inventory` (`book`, `store`, `quantity`) VALUES ( 9780387790534, 1000, 6 );
INSERT INTO `Inventory` (`book`, `store`, `quantity`) VALUES ( 9780618706419, 1000, 1 );
INSERT INTO `Inventory` (`book`, `store`, `quantity`) VALUES ( 9780393264869, 1000, 5 );
INSERT INTO `Inventory` (`book`, `store`, `quantity`) VALUES ( 978031603837, 1100, 1 );
INSERT INTO `Inventory` (`book`, `store`, `quantity`) VALUES ( 978031616019, 1100, 1 );
INSERT INTO `Inventory` (`book`, `store`, `quantity`) VALUES ( 9780316160209, 1100, 1 );
INSERT INTO `Inventory` (`book`, `store`, `quantity`) VALUES ( 9780316067928, 1100, 1 );
INSERT INTO `Inventory` (`book`, `store`, `quantity`) VALUES ( 9781133187790, 1100, 3 );
INSERT INTO `Inventory` (`book`, `store`, `quantity`) VALUES ( 0073523321,  1100, 0 );
INSERT INTO `Inventory` (`book`, `store`, `quantity`) VALUES ( 0072465638, 1100, 9 );
INSERT INTO `Inventory` (`book`, `store`, `quantity`) VALUES ( 9780387790534, 1100, 2 );
INSERT INTO `Inventory` (`book`, `store`, `quantity`) VALUES ( 9780618706419, 1100, 1 );
INSERT INTO `Inventory` (`book`, `store`, `quantity`) VALUES ( 9780393264869, 1100, 7 );
INSERT INTO `Inventory` (`book`, `store`, `quantity`) VALUES ( 978031603837, 1200, 4 );
INSERT INTO `Inventory` (`book`, `store`, `quantity`) VALUES ( 978031616019, 1200, 4 );
INSERT INTO `Inventory` (`book`, `store`, `quantity`) VALUES ( 9780316160209, 1200, 4 );
INSERT INTO `Inventory` (`book`, `store`, `quantity`) VALUES ( 9780316067928, 1200, 4 );
INSERT INTO `Inventory` (`book`, `store`, `quantity`) VALUES ( 9781133187790, 1200, 6 );
INSERT INTO `Inventory` (`book`, `store`, `quantity`) VALUES ( 0073523321,  1200, 3 );
INSERT INTO `Inventory` (`book`, `store`, `quantity`) VALUES ( 0072465638, 1200, 8 );
INSERT INTO `Inventory` (`book`, `store`, `quantity`) VALUES ( 9780387790534, 1200, 5 );
INSERT INTO `Inventory` (`book`, `store`, `quantity`) VALUES ( 9780618706419, 1200, 2 );
INSERT INTO `Inventory` (`book`, `store`, `quantity`) VALUES ( 9780393264869, 1200, 9 );
INSERT INTO `Inventory` (`book`, `store`, `quantity`) VALUES ( 978031603837, 1300, 1 );
INSERT INTO `Inventory` (`book`, `store`, `quantity`) VALUES ( 978031616019, 1300, 1 );
INSERT INTO `Inventory` (`book`, `store`, `quantity`) VALUES ( 9780316160209, 1300, 1 );
INSERT INTO `Inventory` (`book`, `store`, `quantity`) VALUES ( 9780316067928, 1300, 1 );
INSERT INTO `Inventory` (`book`, `store`, `quantity`) VALUES ( 9781133187790, 1300, 1 );
INSERT INTO `Inventory` (`book`, `store`, `quantity`) VALUES ( 0073523321,  1300, 1 );
INSERT INTO `Inventory` (`book`, `store`, `quantity`) VALUES ( 0072465638, 1300, 1 );
INSERT INTO `Inventory` (`book`, `store`, `quantity`) VALUES ( 9780387790534, 1300, 1 );
INSERT INTO `Inventory` (`book`, `store`, `quantity`) VALUES ( 9780618706419, 1300, 1 );
INSERT INTO `Inventory` (`book`, `store`, `quantity`) VALUES ( 9780393264869, 1300, 1 );
INSERT INTO `Inventory` (`book`, `store`, `quantity`) VALUES ( 978031603837, 1400, 0 );
INSERT INTO `Inventory` (`book`, `store`, `quantity`) VALUES ( 978031616019, 1400, 0 );
INSERT INTO `Inventory` (`book`, `store`, `quantity`) VALUES ( 9780316160209, 1400, 0 );
INSERT INTO `Inventory` (`book`, `store`, `quantity`) VALUES ( 9780316067928, 1400, 0 );
INSERT INTO `Inventory` (`book`, `store`, `quantity`) VALUES ( 9781133187790, 1400, 0 );
INSERT INTO `Inventory` (`book`, `store`, `quantity`) VALUES ( 0073523321,  1400, 0 );
INSERT INTO `Inventory` (`book`, `store`, `quantity`) VALUES ( 0072465638, 1400, 0 );
INSERT INTO `Inventory` (`book`, `store`, `quantity`) VALUES ( 9780387790534, 1400, 0 );
INSERT INTO `Inventory` (`book`, `store`, `quantity`) VALUES ( 9780618706419, 1400, 0 );
INSERT INTO `Inventory` (`book`, `store`, `quantity`) VALUES ( 9780393264869, 1400, 0 );
INSERT INTO `Inventory` (`book`, `store`, `quantity`) VALUES ( 978031603837, 1500, 7 );
INSERT INTO `Inventory` (`book`, `store`, `quantity`) VALUES ( 978031616019, 1500, 7 );
INSERT INTO `Inventory` (`book`, `store`, `quantity`) VALUES ( 9780316160209, 1500, 7 );
INSERT INTO `Inventory` (`book`, `store`, `quantity`) VALUES ( 9780316067928, 1500, 7 );
INSERT INTO `Inventory` (`book`, `store`, `quantity`) VALUES ( 9781133187790, 1500, 0 );
INSERT INTO `Inventory` (`book`, `store`, `quantity`) VALUES ( 0073523321,  1500, 0 );
INSERT INTO `Inventory` (`book`, `store`, `quantity`) VALUES ( 0072465638, 1500, 0 );
INSERT INTO `Inventory` (`book`, `store`, `quantity`) VALUES ( 9780387790534, 1500, 0 );
INSERT INTO `Inventory` (`book`, `store`, `quantity`) VALUES ( 9780618706419, 1500, 0 );
INSERT INTO `Inventory` (`book`, `store`, `quantity`) VALUES ( 9780393264869, 1500, 0 );
INSERT INTO `Inventory` (`book`, `store`, `quantity`) VALUES ( 978031603837, 1600, 3 );
INSERT INTO `Inventory` (`book`, `store`, `quantity`) VALUES ( 978031616019, 1600, 3 );
INSERT INTO `Inventory` (`book`, `store`, `quantity`) VALUES ( 9780316160209, 1600, 3 );
INSERT INTO `Inventory` (`book`, `store`, `quantity`) VALUES ( 9780316067928, 1600, 3 );
INSERT INTO `Inventory` (`book`, `store`, `quantity`) VALUES ( 9781133187790, 1600, 6 );
INSERT INTO `Inventory` (`book`, `store`, `quantity`) VALUES ( 0073523321,  1600, 4 );
INSERT INTO `Inventory` (`book`, `store`, `quantity`) VALUES ( 0072465638, 1600, 2 );
INSERT INTO `Inventory` (`book`, `store`, `quantity`) VALUES ( 9780387790534, 1600, 6 );
INSERT INTO `Inventory` (`book`, `store`, `quantity`) VALUES ( 9780618706419, 1600, 1 );
INSERT INTO `Inventory` (`book`, `store`, `quantity`) VALUES ( 9780393264869, 1600, 5 );
INSERT INTO `Inventory` (`book`, `store`, `quantity`) VALUES ( 978031603837, 1700, 1 );
INSERT INTO `Inventory` (`book`, `store`, `quantity`) VALUES ( 978031616019, 1700, 1 );
INSERT INTO `Inventory` (`book`, `store`, `quantity`) VALUES ( 9780316160209, 1700, 1 );
INSERT INTO `Inventory` (`book`, `store`, `quantity`) VALUES ( 9780316067928, 1700, 1 );
INSERT INTO `Inventory` (`book`, `store`, `quantity`) VALUES ( 9781133187790, 1700, 3 );
INSERT INTO `Inventory` (`book`, `store`, `quantity`) VALUES ( 0073523321,  1700, 0 );
INSERT INTO `Inventory` (`book`, `store`, `quantity`) VALUES ( 0072465638, 1700, 9 );
INSERT INTO `Inventory` (`book`, `store`, `quantity`) VALUES ( 9780387790534, 1700, 2 );
INSERT INTO `Inventory` (`book`, `store`, `quantity`) VALUES ( 9780618706419, 1700, 1 );
INSERT INTO `Inventory` (`book`, `store`, `quantity`) VALUES ( 9780393264869, 1700, 7 );
INSERT INTO `Inventory` (`book`, `store`, `quantity`) VALUES ( 978031603837, 1800, 4 );
INSERT INTO `Inventory` (`book`, `store`, `quantity`) VALUES ( 978031616019, 1800, 4 );
INSERT INTO `Inventory` (`book`, `store`, `quantity`) VALUES ( 9780316160209, 1800, 4 );
INSERT INTO `Inventory` (`book`, `store`, `quantity`) VALUES ( 9780316067928, 1800, 4 );
INSERT INTO `Inventory` (`book`, `store`, `quantity`) VALUES ( 9781133187790, 1800, 6 );
INSERT INTO `Inventory` (`book`, `store`, `quantity`) VALUES ( 0073523321,  1800, 3 );
INSERT INTO `Inventory` (`book`, `store`, `quantity`) VALUES ( 0072465638, 1800, 8 );
INSERT INTO `Inventory` (`book`, `store`, `quantity`) VALUES ( 9780387790534, 1800, 5 );
INSERT INTO `Inventory` (`book`, `store`, `quantity`) VALUES ( 9780618706419, 1800, 2 );
INSERT INTO `Inventory` (`book`, `store`, `quantity`) VALUES ( 9780393264869, 1800, 9 );
INSERT INTO `Inventory` (`book`, `store`, `quantity`) VALUES ( 978031603837, 1900, 8 );
INSERT INTO `Inventory` (`book`, `store`, `quantity`) VALUES ( 978031616019, 1900, 2 );
INSERT INTO `Inventory` (`book`, `store`, `quantity`) VALUES ( 9780316067928, 1900, 3 );
INSERT INTO `Inventory` (`book`, `store`, `quantity`) VALUES ( 9781133187790, 1900, 12 );
INSERT INTO `Inventory` (`book`, `store`, `quantity`) VALUES ( 0073523321,  1900, 13 );
INSERT INTO `Inventory` (`book`, `store`, `quantity`) VALUES ( 0072465638, 1900, 4 );
INSERT INTO `Inventory` (`book`, `store`, `quantity`) VALUES ( 9780387790534, 1900, 5 );
INSERT INTO `Inventory` (`book`, `store`, `quantity`) VALUES ( 9780618706419, 1900, 11 );
INSERT INTO `Inventory` (`book`, `store`, `quantity`) VALUES ( 9780393264869, 1900, 8 );

INSERT INTO `Transaction` VALUES ( 3050, 1112, 'c1@gmail.com' );
INSERT INTO `Transaction` VALUES ( 3055, 1113, NULL );
INSERT INTO `Transaction` VALUES ( 3040, 1121, 'c2@gmail.com' );
INSERT INTO `Transaction` VALUES ( 3030, 1117, 'c3@gmail.com' );
INSERT INTO `Transaction` VALUES ( 3033, 1119, NULL );
INSERT INTO `Transaction` VALUES ( 3020, 1112, 'c4@gmail.com' );
INSERT INTO `Transaction` VALUES ( 3090, 1123, 'c6@gmail.com' );
INSERT INTO `Transaction` VALUES ( 3099, 1122, NULL );
INSERT INTO `Transaction` VALUES ( 3080, 1116, 'c7@gmail.com' );
INSERT INTO `Transaction` VALUES ( 3070, 1114, 'c8@gmail.com' );
INSERT INTO `Transaction` VALUES ( 3060, 1116, 'c9@gmail.com' );

INSERT INTO `Merchandise` VALUES ( 3050, 4001, 978031603837 );
INSERT INTO `Merchandise` VALUES ( 3055, 4002, 0072465638 );
INSERT INTO `Merchandise` VALUES ( 3040, 4003, 9780387790534 );
INSERT INTO `Merchandise` VALUES ( 3030, 4004, 978031616019 );
INSERT INTO `Merchandise` VALUES ( 3033, 4005, 0073523321 );
INSERT INTO `Merchandise` VALUES ( 3020, 4006, 9780316160209 );
INSERT INTO `Merchandise` VALUES ( 3090, 4007, 9780387790534 );
INSERT INTO `Merchandise` VALUES ( 3099, 4008, 9780393264869 );
INSERT INTO `Merchandise` VALUES ( 3080, 4009, 978031603837 );
INSERT INTO `Merchandise` VALUES ( 3070, 4010, 978031616019 );
INSERT INTO `Merchandise` VALUES ( 3060, 4011, 9780316160209 );

INSERT INTO `Supervise` VALUES ( 1112, 1112 );
INSERT INTO `Supervise` VALUES ( 1113, 1113 );
INSERT INTO `Supervise` VALUES ( 1114, 1114 );
INSERT INTO `Supervise` VALUES ( 1115, 1115 );
INSERT INTO `Supervise` VALUES ( 1116, 1116 );
INSERT INTO `Supervise` VALUES ( 1117, 1117 );
INSERT INTO `Supervise` VALUES ( 1118, 1118 );
INSERT INTO `Supervise` VALUES ( 1119, 1124 );
INSERT INTO `Supervise` VALUES ( 1121, 1123 );
INSERT INTO `Supervise` VALUES ( 1122, 1122 );
INSERT INTO `Supervise` VALUES ( 1123, 1123 );
INSERT INTO `Supervise` VALUES ( 1124, 1124 );